{
  "joint": {
    "loss": 0.01205144077539444,
    "l0": 720.538818359375,
    "l2": 0.0022662165574729443,
    "decomp": 0.9785224199295044
  },
  "solo": {
    "loss": 0.008923318237066269,
    "l2": 0.008923318237066269,
    "l1": 0.0,
    "l0": 626.2119140625,
    "dead": 0
  },
  "sequential_meta": {
    "loss": 0.31627708673477173,
    "l2": 0.31627708673477173,
    "l0": 18.27880859375
  },
  "config": {
    "lambda2": 0.01,
    "sigma_sq": 0.1,
    "dict_size": 12288,
    "meta_dict_size": 2048,
    "primary_sae_type": "jumprelu",
    "meta_sae_type": "jumprelu",
    "primary_top_k": 32,
    "meta_top_k": 4,
    "num_tokens": 100000000
  }
}