{
  "joint": {
    "loss": 0.08306427299976349,
    "l0": 32.0,
    "l2": 0.08054731041193008,
    "decomp": 1.093687842512736e-06
  },
  "solo": {
    "loss": 0.08339682221412659,
    "l2": 0.08086986839771271,
    "l1": 0.0,
    "l0": 32.0,
    "dead": 26
  },
  "sequential_meta": {
    "loss": 0.39769870042800903,
    "l2": 0.39769870042800903,
    "l0": 19.306316375732422
  },
  "config": {
    "lambda2": 0.1,
    "sigma_sq": 0.01,
    "dict_size": 12288,
    "meta_dict_size": 2048,
    "primary_sae_type": "batchtopk",
    "meta_sae_type": "jumprelu",
    "primary_top_k": 32,
    "meta_top_k": 4,
    "num_tokens": 100000000
  }
}