{
  "joint": {
    "loss": 0.0159401036798954,
    "l0": 666.375732421875,
    "l2": 0.006090438924729824,
    "decomp": 0.9849666357040405
  },
  "solo": {
    "loss": 0.008923318237066269,
    "l2": 0.008923318237066269,
    "l1": 0.0,
    "l0": 626.2119140625,
    "dead": 0
  },
  "sequential_meta": {
    "loss": 0.31627708673477173,
    "l2": 0.31627708673477173,
    "l0": 18.27880859375
  },
  "config": {
    "lambda2": 0.01,
    "sigma_sq": 1.0,
    "dict_size": 12288,
    "meta_dict_size": 2048,
    "primary_sae_type": "jumprelu",
    "meta_sae_type": "jumprelu",
    "primary_top_k": 32,
    "meta_top_k": 4,
    "num_tokens": 100000000
  }
}