{
  "joint": {
    "loss": 0.12886199355125427,
    "l0": 32.0,
    "l2": 0.08358451724052429,
    "decomp": 0.4266599118709564
  },
  "solo": {
    "loss": 0.08339682221412659,
    "l2": 0.08086986839771271,
    "l1": 0.0,
    "l0": 32.0,
    "dead": 26
  },
  "sequential_meta": {
    "loss": 0.7024082541465759,
    "l2": 0.7024082541465759,
    "l0": 4.0
  },
  "config": {
    "lambda2": 0.1,
    "sigma_sq": 1.0,
    "dict_size": 12288,
    "meta_dict_size": 512,
    "primary_sae_type": "batchtopk",
    "meta_sae_type": "batchtopk",
    "primary_top_k": 32,
    "meta_top_k": 4,
    "num_tokens": 100000000
  }
}