{
  "joint": {
    "loss": 0.013055024668574333,
    "l0": 686.895263671875,
    "l2": 0.004689856898039579,
    "decomp": 0.8365168571472168
  },
  "solo": {
    "loss": 0.008923318237066269,
    "l2": 0.008923318237066269,
    "l1": 0.0,
    "l0": 626.2119140625,
    "dead": 0
  },
  "sequential_meta": {
    "loss": 0.4018125534057617,
    "l2": 0.4018125534057617,
    "l0": 18.189373016357422
  },
  "config": {
    "lambda2": 0.01,
    "sigma_sq": 1.0,
    "dict_size": 12288,
    "meta_dict_size": 1024,
    "primary_sae_type": "jumprelu",
    "meta_sae_type": "jumprelu",
    "primary_top_k": 32,
    "meta_top_k": 4,
    "num_tokens": 100000000
  }
}