{
  "joint": {
    "loss": 0.008093713782727718,
    "l0": 642.56396484375,
    "l2": 0.008015399798750877,
    "decomp": 0.000783136987593025
  },
  "solo": {
    "loss": 0.008923318237066269,
    "l2": 0.008923318237066269,
    "l1": 0.0,
    "l0": 626.2119140625,
    "dead": 0
  },
  "sequential_meta": {
    "loss": 0.4018125534057617,
    "l2": 0.4018125534057617,
    "l0": 18.189373016357422
  },
  "config": {
    "lambda2": 0.1,
    "sigma_sq": 0.01,
    "dict_size": 12288,
    "meta_dict_size": 1024,
    "primary_sae_type": "jumprelu",
    "meta_sae_type": "jumprelu",
    "primary_top_k": 32,
    "meta_top_k": 4,
    "num_tokens": 100000000
  }
}