{
  "joint": {
    "loss": 0.08305036276578903,
    "l0": 32.0,
    "l2": 0.08053386211395264,
    "decomp": 2.1311072373464413e-07
  },
  "solo": {
    "loss": 0.08339682221412659,
    "l2": 0.08086986839771271,
    "l1": 0.0,
    "l0": 32.0,
    "dead": 26
  },
  "sequential_meta": {
    "loss": 0.6192493438720703,
    "l2": 0.6192493438720703,
    "l0": 4.0
  },
  "config": {
    "lambda2": 0.1,
    "sigma_sq": 0.01,
    "dict_size": 12288,
    "meta_dict_size": 1024,
    "primary_sae_type": "batchtopk",
    "meta_sae_type": "batchtopk",
    "primary_top_k": 32,
    "meta_top_k": 4,
    "num_tokens": 100000000
  }
}