{
  "joint": {
    "loss": 0.009295996278524399,
    "l0": 621.50732421875,
    "l2": 0.00929518323391676,
    "decomp": 8.129958587232977e-05
  },
  "solo": {
    "loss": 0.008923318237066269,
    "l2": 0.008923318237066269,
    "l1": 0.0,
    "l0": 626.2119140625,
    "dead": 0
  },
  "sequential_meta": {
    "loss": 0.5244606733322144,
    "l2": 0.5244606733322144,
    "l0": 4.0
  },
  "config": {
    "lambda2": 0.01,
    "sigma_sq": 0.01,
    "dict_size": 12288,
    "meta_dict_size": 1024,
    "primary_sae_type": "jumprelu",
    "meta_sae_type": "batchtopk",
    "primary_top_k": 32,
    "meta_top_k": 4,
    "num_tokens": 100000000
  }
}