{
  "joint": {
    "loss": 0.007176268380135298,
    "l0": 653.444580078125,
    "l2": 0.0071050627157092094,
    "decomp": 0.0007120586815290153
  },
  "solo": {
    "loss": 0.008923318237066269,
    "l2": 0.008923318237066269,
    "l1": 0.0,
    "l0": 626.2119140625,
    "dead": 0
  },
  "sequential_meta": {
    "loss": 0.35641220211982727,
    "l2": 0.35641220211982727,
    "l0": 29.060955047607422
  },
  "config": {
    "lambda2": 0.1,
    "sigma_sq": 0.01,
    "dict_size": 12288,
    "meta_dict_size": 512,
    "primary_sae_type": "jumprelu",
    "meta_sae_type": "jumprelu",
    "primary_top_k": 32,
    "meta_top_k": 4,
    "num_tokens": 100000000
  }
}